{"video":[{"id":32,"base_url":"https:\/\/cn-hbcd2-cu-v-17.bilivideo.com\/upgcxcode\/27\/98\/97179827\/97179827_nb2-1-30032.m4s?expires=1578291000&platform=android&ssig=r5e0v928Z0-Whva3YX8dtg&oi=989477897&trid=cad92d19c92e4fb4accad6088c5232d9u&nfc=1&nfb=maPYqpoel5MI3qOUX6YpRA==&mid=373041429","backup_url":["https:\/\/upos-sz-mirrorhw.bilivideo.com\/upgcxcode\/27\/98\/97179827\/97179827_nb2-1-30032.m4s?e=ig8euxZM2rNcNbdlhoNvNC8BqJIzNbfqXBvEuENvNC8aNEVEtEvE9IMvXBvE2ENvNCImNEVEIj0Y2J_aug859r1qXg8xNEVE5XREto8GuFGv2U7SuxI72X6fTr859IB_&uipk=5&nbs=1&deadline=1578291245&gen=playurl&os=hwbv&oi=989477897&trid=cad92d19c92e4fb4accad6088c5232d9u&platform=android&upsig=fbba18e8299a4ec736ad79fa549a9f17&uparams=e,uipk,nbs,deadline,gen,os,oi,trid,platform&mid=373041429","https:\/\/upos-hz-mirrorks3u.acgvideo.com\/upgcxcode\/27\/98\/97179827\/97179827_nb2-1-30032.m4s?e=ig8euxZM2rNcNbdlhoNvNC8BqJIzNbfqXBvEuENvNC8aNEVEtEvE9IMvXBvE2ENvNCImNEVEIj0Y2J_aug859r1qXg8xNEVE5XREto8GuFGv2U7SuxI72X6fTr859IB_&uipk=5&nbs=1&deadline=1578291245&gen=playurl&os=ks3u&oi=989477897&trid=cad92d19c92e4fb4accad6088c5232d9u&platform=android&upsig=ce7603ce75619654d90a63f3722a6cb7&uparams=e,uipk,nbs,deadline,gen,os,oi,trid,platform&mid=373041429"],"bandwidth":444674,"codecid":7,"size":14151058,"md5":"1fa8d8f7c5d0e65c96227039ff7b82bd"}],"audio":[{"id":30216,"base_url":"https:\/\/cn-hbcd2-cu-v-03.bilivideo.com\/upgcxcode\/27\/98\/97179827\/97179827-1-30216.m4s?expires=1578291000&platform=android&ssig=MyRILzrubFXq4A7olrGtlw&oi=989477897&trid=cad92d19c92e4fb4accad6088c5232d9u&nfc=1&nfb=maPYqpoel5MI3qOUX6YpRA==&mid=373041429","backup_url":["https:\/\/upos-sz-mirrorkodo.bilivideo.com\/upgcxcode\/27\/98\/97179827\/97179827-1-30216.m4s?e=ig8euxZM2rNcNbdlhoNvNC8BqJIzNbfqXBvEuENvNC8aNEVEtEvE9IMvXBvE2ENvNCImNEVEIj0Y2J_aug859r1qXg8xNEVE5XREto8GuFGv2U7SuxI72X6fTr859IB_&uipk=5&nbs=1&deadline=1578291245&gen=playurl&os=kodobv&oi=989477897&trid=cad92d19c92e4fb4accad6088c5232d9u&platform=android&upsig=77cc754bdea744481457b552d73623c4&uparams=e,uipk,nbs,deadline,gen,os,oi,trid,platform&mid=373041429","https:\/\/upos-hz-mirrorks3u.acgvideo.com\/upgcxcode\/27\/98\/97179827\/97179827-1-30216.m4s?e=ig8euxZM2rNcNbdlhoNvNC8BqJIzNbfqXBvEuENvNC8aNEVEtEvE9IMvXBvE2ENvNCImNEVEIj0Y2J_aug859r1qXg8xNEVE5XREto8GuFGv2U7SuxI72X6fTr859IB_&uipk=5&nbs=1&deadline=1578291245&gen=playurl&os=ks3u&oi=989477897&trid=cad92d19c92e4fb4accad6088c5232d9u&platform=android&upsig=2cd7126d69059b4c072b26b0faa226ac&uparams=e,uipk,nbs,deadline,gen,os,oi,trid,platform&mid=373041429"],"bandwidth":67289,"codecid":0,"size":2141776,"md5":"ede0506195e20f0fc58aac4c35b04624"}]}